{
  "g_0_0": {
    "optJ": 17.191666666666666,
    "naiJ": 13.891666666666667,
    "dJ": 3.3,
    "hi": 8.131753759470453,
    "conv": false,
    "det": {
      "P": true,
      "X": false,
      "T": true,
      "structural": true,
      "advantage": false,
      "inversion": false
    },
    "infA": [
      3.125,
      2.55
    ],
    "infB": [
      0.275,
      0.16666666666666666
    ],
    "cost": [
      8.191666666666666,
      7.908333333333333
    ]
  },
  "g_0_1": {
    "optJ": 46.50833333333333,
    "naiJ": 43.93333333333333,
    "dJ": 2.575,
    "hi": 11.00118237354004,
    "conv": false,
    "det": {
      "P": true,
      "X": false,
      "T": true,
      "structural": true,
      "advantage": false,
      "inversion": false
    },
    "infA": [
      2.95,
      1.9083333333333334
    ],
    "infB": [
      1.0416666666666667,
      0.7166666666666667
    ],
    "cost": [
      23.991666666666667,
      29.633333333333333
    ]
  },
  "g_0_2": {
    "optJ": 123.84166666666667,
    "naiJ": 113.95833333333333,
    "dJ": 9.883333333333333,
    "hi": 21.630588791413132,
    "conv": false,
    "det": {
      "P": false,
      "X": true,
      "T": false,
      "structural": true,
      "advantage": false,
      "inversion": false
    },
    "infA": [
      4.725,
      4.275
    ],
    "infB": [
      2.9833333333333334,
      3.45
    ],
    "cost": [
      63.775,
      47.291666666666664
    ]
  },
  "g_1_0": {
    "optJ": 15.616666666666667,
    "naiJ": 18.658333333333335,
    "dJ": -3.0416666666666665,
    "hi": -0.06001696647710153,
    "conv": true,
    "det": {
      "P": false,
      "X": false,
      "T": true,
      "structural": true,
      "advantage": true,
      "inversion": true
    },
    "infA": [
      1.725,
      1.2916666666666667
    ],
    "infB": [
      0.0,
      0.0
    ],
    "cost": [
      11.991666666666667,
      17.2
    ]
  },
  "g_1_1": {
    "optJ": 73.51666666666667,
    "naiJ": 65.38333333333334,
    "dJ": 8.133333333333333,
    "hi": 21.57405828654824,
    "conv": false,
    "det": {
      "P": false,
      "X": false,
      "T": false,
      "structural": false,
      "advantage": false,
      "inversion": false
    },
    "infA": [
      2.225,
      1.9083333333333334
    ],
    "infB": [
      0.7583333333333333,
      0.7166666666666667
    ],
    "cost": [
      33.68333333333333,
      29.633333333333333
    ]
  },
  "g_1_2": {
    "optJ": 187.04166666666666,
    "naiJ": 194.93333333333334,
    "dJ": -7.891666666666667,
    "hi": 21.535001722793737,
    "conv": true,
    "det": {
      "P": false,
      "X": false,
      "T": false,
      "structural": false,
      "advantage": false,
      "inversion": false
    },
    "infA": [
      3.2583333333333333,
      3.6166666666666667
    ],
    "infB": [
      2.091666666666667,
      2.716666666666667
    ],
    "cost": [
      83.625,
      63.475
    ]
  },
  "g_2_0": {
    "optJ": 24.033333333333335,
    "naiJ": 21.575,
    "dJ": 2.4583333333333335,
    "hi": 2.8909782238696597,
    "conv": false,
    "det": {
      "P": false,
      "X": false,
      "T": false,
      "structural": false,
      "advantage": false,
      "inversion": false
    },
    "infA": [
      1.2916666666666667,
      1.2916666666666667
    ],
    "infB": [
      0.0,
      0.0
    ],
    "cost": [
      19.658333333333335,
      17.2
    ]
  },
  "g_2_1": {
    "optJ": 119.73333333333333,
    "naiJ": 136.88333333333333,
    "dJ": -17.15,
    "hi": 6.465594214790503,
    "conv": true,
    "det": {
      "P": false,
      "X": false,
      "T": false,
      "structural": false,
      "advantage": false,
      "inversion": false
    },
    "infA": [
      1.775,
      1.9083333333333334
    ],
    "infB": [
      0.525,
      0.7166666666666667
    ],
    "cost": [
      39.608333333333334,
      29.633333333333333
    ]
  },
  "g_2_2": {
    "optJ": 380.68333333333334,
    "naiJ": 457.85,
    "dJ": -77.16666666666667,
    "hi": -25.588204383429996,
    "conv": true,
    "det": {
      "P": false,
      "X": false,
      "T": false,
      "structural": false,
      "advantage": true,
      "inversion": false
    },
    "infA": [
      3.066666666666667,
      3.6166666666666667
    ],
    "infB": [
      2.0416666666666665,
      2.716666666666667
    ],
    "cost": [
      79.18333333333334,
      63.475
    ]
  },
  "c_2": {
    "optJ": 29.708333333333332,
    "naiJ": 32.725,
    "dJ": -3.0166666666666666,
    "hi": 0.5894199707564152,
    "conv": true,
    "det": {
      "P": true,
      "X": false,
      "T": false,
      "structural": true,
      "advantage": false,
      "inversion": false
    },
    "infA": [
      2.783333333333333,
      2.125
    ],
    "infB": [
      1.4916666666666667,
      0.9666666666666667
    ],
    "cost": [
      21.358333333333334,
      27.241666666666667
    ]
  },
  "c_5": {
    "optJ": 41.375,
    "naiJ": 40.3,
    "dJ": 1.075,
    "hi": 8.390731289086393,
    "conv": true,
    "det": {
      "P": true,
      "X": false,
      "T": true,
      "structural": true,
      "advantage": false,
      "inversion": false
    },
    "infA": [
      2.7333333333333334,
      1.9083333333333334
    ],
    "infB": [
      1.2583333333333333,
      0.7166666666666667
    ],
    "cost": [
      22.041666666666668,
      29.633333333333333
    ]
  },
  "c_15": {
    "optJ": 60.175,
    "naiJ": 61.63333333333333,
    "dJ": -1.4583333333333333,
    "hi": 8.529899215243239,
    "conv": true,
    "det": {
      "P": false,
      "X": false,
      "T": false,
      "structural": false,
      "advantage": false,
      "inversion": false
    },
    "infA": [
      1.8083333333333333,
      1.9083333333333334
    ],
    "infB": [
      0.6,
      0.7166666666666667
    ],
    "cost": [
      32.8,
      29.633333333333333
    ]
  },
  "r5_m5_e0.3": {
    "optJ": 15.616666666666667,
    "naiJ": 18.658333333333335,
    "dJ": -3.0416666666666665,
    "hi": -0.06001696647710153,
    "conv": true,
    "det": {
      "P": false,
      "X": false,
      "T": true,
      "structural": true,
      "advantage": true,
      "inversion": true
    },
    "infA": [
      1.725,
      1.2916666666666667
    ],
    "infB": [
      0.0,
      0.0
    ],
    "cost": [
      11.991666666666667,
      17.2
    ]
  },
  "r5_m10_e0.5": {
    "optJ": 21.383333333333333,
    "naiJ": 18.658333333333335,
    "dJ": 2.725,
    "hi": 6.2617097010928,
    "conv": false,
    "det": {
      "P": false,
      "X": false,
      "T": false,
      "structural": false,
      "advantage": false,
      "inversion": false
    },
    "infA": [
      1.525,
      1.2916666666666667
    ],
    "infB": [
      0.025,
      0.0
    ],
    "cost": [
      17.633333333333333,
      17.2
    ]
  },
  "r5_m2_e0.2": {
    "optJ": 18.816666666666666,
    "naiJ": 18.658333333333335,
    "dJ": 0.15833333333333333,
    "hi": 6.0173414232224065,
    "conv": true,
    "det": {
      "P": true,
      "X": false,
      "T": true,
      "structural": true,
      "advantage": false,
      "inversion": false
    },
    "infA": [
      1.975,
      1.2916666666666667
    ],
    "infB": [
      0.041666666666666664,
      0.0
    ],
    "cost": [
      12.108333333333333,
      17.2
    ]
  },
  "r2_m5_e0.3": {
    "optJ": 17.191666666666666,
    "naiJ": 13.891666666666667,
    "dJ": 3.3,
    "hi": 8.131753759470453,
    "conv": false,
    "det": {
      "P": true,
      "X": false,
      "T": true,
      "structural": true,
      "advantage": false,
      "inversion": false
    },
    "infA": [
      3.125,
      2.55
    ],
    "infB": [
      0.275,
      0.16666666666666666
    ],
    "cost": [
      8.191666666666666,
      7.908333333333333
    ]
  },
  "r2_m10_e0.5": {
    "optJ": 17.016666666666666,
    "naiJ": 13.891666666666667,
    "dJ": 3.125,
    "hi": 7.776097435330846,
    "conv": false,
    "det": {
      "P": true,
      "X": false,
      "T": true,
      "structural": true,